Date,Open,High,Low,Close,Volume,Currency
2019-12-31,28.56465721130371,28.577438354492188,27.469371795654297,27.62629508972168,106072185.0,USD
2020-01-01,27.628389358520508,28.441320419311523,27.32224464416504,28.0501651763916,90796167.0,USD
2020-01-02,28.0186710357666,28.13326072692871,26.688867568969727,27.118072509765625,100451732.0,USD
2020-01-03,27.132450103759766,28.84239959716797,26.840639114379883,28.618680953979492,155103806.0,USD
2020-01-04,28.551237106323242,30.672460556030273,28.128490447998047,30.238679885864258,114198262.0,USD
2020-01-05,30.237430572509766,32.23073196411133,29.96483612060547,31.02127456665039,151498329.0,USD
2020-01-06,30.953548431396484,33.33272933959961,30.706401824951172,32.89295959472656,197134595.0,USD
2020-01-07,32.935882568359375,33.07017135620117,31.041011810302734,32.485595703125,204009747.0,USD
2020-01-08,32.314491271972656,33.01292419433594,30.240476608276367,30.975454330444336,203134823.0,USD
2020-01-09,31.116830825805664,32.23187255859375,30.180904388427734,31.102432250976562,159352054.0,USD
2020-01-10,31.04674530029297,34.226341247558594,30.07379722595215,33.65242004394531,214184771.0,USD
2020-01-11,33.69449234008789,36.40980529785156,33.326900482177734,34.967613220214844,247632127.0,USD
2020-01-12,34.955570220947266,36.272308349609375,34.69628143310547,35.70854568481445,203779998.0,USD
2020-01-13,35.640350341796875,38.42585372924805,34.723758697509766,38.366554260253906,263135594.0,USD
2020-01-14,38.40993118286133,45.393070220947266,38.12022018432617,43.981422424316406,609735603.0,USD
2020-01-15,43.92723083496094,58.089378356933594,43.331478118896484,54.81679916381836,740886171.0,USD
2020-01-16,54.81494903564453,55.87683868408203,48.220237731933594,50.92793655395508,453996707.0,USD
2020-01-17,50.85832214355469,65.52659606933594,49.180477142333984,61.660400390625,707027969.0,USD
2020-01-18,61.73413848876953,62.00541687011719,51.308982849121094,51.308982849121094,538492799.0,USD
2020-01-19,51.47809982299805,54.57585525512695,48.615806579589844,51.49140167236328,449218325.0,USD
2020-01-20,51.79163360595703,55.54402542114258,49.17232131958008,53.771549224853516,354369528.0,USD
2020-01-21,53.674705505371094,53.986751556396484,51.28447723388672,53.38587951660156,289545481.0,USD
2020-01-22,53.253997802734375,53.89221954345703,51.642494201660156,52.1873893737793,254609928.0,USD
2020-01-23,52.14875411987305,52.3216552734375,48.22471618652344,49.21638870239258,293241636.0,USD
2020-01-24,49.46991729736328,50.815834045410156,46.416778564453125,49.02225112915039,315848834.0,USD
2020-01-25,49.05710220336914,49.600345611572266,47.9234619140625,49.073490142822266,214070612.0,USD
2020-01-26,49.090755462646484,54.4456672668457,48.4305534362793,53.64628982543945,294192757.0,USD
2020-01-27,53.87273025512695,58.03070831298828,53.57804870605469,55.23891067504883,361876390.0,USD
2020-01-28,55.34006118774414,57.07563018798828,53.85110855102539,56.81426239013672,415795137.0,USD
2020-01-29,57.115562438964844,64.16220092773438,56.481868743896484,62.020687103271484,457723478.0,USD
2020-01-30,61.9195671081543,70.16206359863281,59.91966247558594,66.59606170654297,628351159.0,USD
2020-01-31,66.9054183959961,69.26881408691406,62.46806335449219,66.53315734863281,511822741.0,USD
2020-02-01,66.61399841308594,68.9842300415039,64.85893249511719,66.01995849609375,379849513.0,USD
2020-02-02,65.89035034179688,68.12638854980469,63.85712432861328,66.55357360839844,501422482.0,USD
2020-02-03,66.45906829833984,68.26455688476562,64.95191955566406,65.63407135009766,399151849.0,USD
2020-02-04,65.71406555175781,66.21797943115234,62.863563537597656,64.32164001464844,376233504.0,USD
2020-02-05,64.32231903076172,72.6063232421875,63.5599250793457,71.11607360839844,574372016.0,USD
2020-02-06,71.37049865722656,72.89754486083984,68.45683288574219,69.92156219482422,575642411.0,USD
2020-02-07,70.18693542480469,71.74772644042969,67.72969818115234,68.65769958496094,581499267.0,USD
2020-02-08,68.40298461914062,71.84285736083984,66.12841033935547,69.87718200683594,564210302.0,USD
2020-02-09,70.07315063476562,72.7833251953125,69.24079132080078,71.11097717285156,485882928.0,USD
2020-02-10,71.05899810791016,71.67506408691406,67.93851470947266,69.9862289428711,570990608.0,USD
2020-02-11,70.1545639038086,73.024169921875,68.12000274658203,72.42735290527344,600334077.0,USD
2020-02-12,72.82345581054688,75.21869659423828,72.22544860839844,73.08817291259766,837021483.0,USD
2020-02-13,73.19046783447266,75.64318084716797,70.58525085449219,71.9933853149414,890817622.0,USD
2020-02-14,72.18551635742188,73.43307495117188,70.63249969482422,72.80145263671875,681485038.0,USD
2020-02-15,72.66453552246094,72.98162841796875,64.08203125,64.49179077148438,693293659.0,USD
2020-02-16,65.08518981933594,66.73497772216797,55.31950378417969,60.49729537963867,815197186.0,USD
2020-02-17,60.15922164916992,65.57038116455078,55.2651252746582,64.56126403808594,908407928.0,USD
2020-02-18,64.49656677246094,66.30912017822266,60.60492706298828,65.69573974609375,614300424.0,USD
2020-02-19,65.71908569335938,68.914794921875,61.994712829589844,62.33040237426758,390748017.0,USD
2020-02-20,62.213558197021484,63.82670593261719,59.2052001953125,60.95860290527344,467619891.0,USD
2020-02-21,60.887062072753906,63.414405822753906,60.1340217590332,61.74432373046875,435896216.0,USD
2020-02-22,61.7830810546875,62.199214935302734,60.15325927734375,60.94808578491211,409757653.0,USD
2020-02-23,60.88772964477539,63.696197509765625,60.88606262207031,63.34796905517578,447463247.0,USD
2020-02-24,63.40925598144531,64.00862884521484,59.223960876464844,60.7808952331543,473419077.0,USD
2020-02-25,60.75154495239258,60.782806396484375,56.53083038330078,57.20002746582031,459311195.0,USD
2020-02-26,57.15546417236328,57.80934524536133,48.945396423339844,51.6023063659668,525605797.0,USD
2020-02-27,51.61345672607422,54.82679748535156,48.30027770996094,52.54380798339844,528495688.0,USD
2020-02-28,52.643409729003906,53.98634719848633,49.15100860595703,50.63166046142578,459207642.0,USD
2020-02-29,50.659358978271484,52.02059555053711,49.30192947387695,49.31151580810547,358095373.0,USD
2020-03-01,49.268733978271484,51.30143356323242,48.29296875,49.27847671508789,357210116.0,USD
2020-03-02,49.270198822021484,52.72306823730469,48.89736557006836,51.97563934326172,349918391.0,USD
2020-03-03,51.99951934814453,52.10400390625,50.14122772216797,50.89928436279297,331162966.0,USD
2020-03-04,50.922935485839844,51.311824798583984,49.20219039916992,50.15789794921875,283124475.0,USD
2020-03-05,50.18574523925781,53.16481018066406,50.18574523925781,51.99539566040039,282727402.0,USD
2020-03-06,52.000675201416016,53.39399719238281,51.299129486083984,53.08295822143555,263940626.0,USD
2020-03-07,53.06909942626953,53.37382888793945,50.60453796386719,50.64259338378906,226109805.0,USD
2020-03-08,50.69547653198242,50.69547653198242,42.82421875,43.128021240234375,300010181.0,USD
2020-03-09,43.076602935791016,44.04472351074219,39.10739517211914,41.893009185791016,328174548.0,USD
2020-03-10,42.029232025146484,42.505184173583984,40.84602737426758,41.50653839111328,250021373.0,USD
2020-03-11,41.522804260253906,42.06406021118164,37.82232666015625,40.044063568115234,241020110.0,USD
2020-03-12,40.110565185546875,40.199825286865234,24.770095825195312,26.497089385986328,367091429.0,USD
2020-03-13,26.275388717651367,29.43046760559082,18.936574935913086,27.32649803161621,450138840.0,USD
2020-03-14,27.416271209716797,27.598037719726562,24.81614112854004,25.002208709716797,203476274.0,USD
2020-03-15,24.982524871826172,26.951772689819336,24.753541946411133,25.783977508544922,186177632.0,USD
2020-03-16,25.77454376220703,26.23565673828125,21.766693115234375,24.504302978515625,288418667.0,USD
2020-03-17,24.26608657836914,25.413911819458008,23.930927276611328,24.6474609375,246636389.0,USD
2020-03-18,24.540752410888672,28.453094482421875,24.450246810913086,28.453094482421875,342339610.0,USD
2020-03-19,28.50094223022461,33.08606719970703,28.31852149963379,32.05286407470703,439316832.0,USD
2020-03-20,32.05582809448242,36.089988708496094,30.43798065185547,32.86731719970703,423384376.0,USD
2020-03-21,32.86293411254883,34.97417449951172,32.23018264770508,32.921260833740234,344745339.0,USD
2020-03-22,32.98419189453125,35.13684844970703,29.411813735961914,29.575801849365234,286987105.0,USD
2020-03-23,29.575801849365234,31.915111541748047,29.46116065979004,31.855457305908203,292606252.0,USD
2020-03-24,31.89828872680664,33.18819046020508,31.64912223815918,32.83380126953125,268660373.0,USD
2020-03-25,32.81568145751953,32.8444709777832,31.293601989746094,32.18084716796875,279019585.0,USD
2020-03-26,32.169368743896484,32.41033172607422,31.3281307220459,32.33921813964844,218033292.0,USD
2020-03-27,32.34110641479492,32.91334533691406,31.607778549194336,31.616735458374023,298865085.0,USD
2020-03-28,31.629520416259766,31.64606475830078,29.499889373779297,30.30394744873047,361537688.0,USD
2020-03-29,30.366483688354492,30.409164428710938,28.429048538208008,28.429048538208008,242435309.0,USD
2020-03-30,28.431087493896484,31.31126594543457,28.388225555419922,30.82395362854004,378024152.0,USD
2020-03-31,30.760290145874023,31.557159423828125,30.29536247253418,31.083118438720703,347872065.0,USD
2020-04-01,31.09578514099121,31.443510055541992,29.992734909057617,31.443510055541992,359857073.0,USD
2020-04-02,31.339542388916016,33.51112365722656,31.13641929626465,32.358551025390625,434250135.0,USD
2020-04-03,32.35205841064453,33.29842758178711,31.932050704956055,32.75349426269531,386665607.0,USD
2020-04-04,32.726043701171875,33.31987380981445,32.147926330566406,33.22553634643555,324568440.0,USD
2020-04-05,33.20340347290039,33.45630645751953,32.14560317993164,32.63960266113281,274740431.0,USD
2020-04-06,32.631290435791016,37.20567321777344,32.5971794128418,37.1329460144043,656222546.0,USD
2020-04-07,37.10852813720703,38.16526794433594,35.89972686767578,36.350730895996094,580595411.0,USD
2020-04-08,36.458221435546875,37.828678131103516,36.27589416503906,37.722007751464844,435720948.0,USD
2020-04-09,37.77268600463867,41.68098449707031,37.65367126464844,41.11354064941406,567572642.0,USD
2020-04-10,41.059913635253906,41.30698776245117,34.895118713378906,36.76934814453125,684565482.0,USD
2020-04-11,36.76934814453125,37.42502975463867,35.461387634277344,36.115623474121094,455217298.0,USD
2020-04-12,36.152103424072266,37.69589614868164,35.54356002807617,36.852699279785156,468585914.0,USD
2020-04-13,36.81393051147461,36.81393051147461,34.91399383544922,35.767417907714844,583118303.0,USD
2020-04-14,35.74332046508789,36.20432662963867,35.16450500488281,35.4002685546875,231041602.0,USD
2020-04-15,35.39226150512695,36.173187255859375,34.851287841796875,35.16240310668945,535575343.0,USD
2020-04-16,35.171287536621094,39.66694641113281,34.243900299072266,38.77920913696289,821623463.0,USD
2020-04-18,40.67055130004883,42.446781158447266,40.62763214111328,42.05235290527344,750462578.0,USD
2020-04-19,42.08509826660156,47.80805969238281,41.7621955871582,46.71472930908203,1087136046.0,USD
2020-04-20,46.66456985473633,48.959991455078125,41.61590576171875,42.42259979248047,1175449868.0,USD
2020-04-21,42.37517166137695,43.376426696777344,41.29561233520508,42.506980895996094,806550114.0,USD
2020-04-22,42.414424896240234,45.57854080200195,42.129180908203125,45.47312545776367,768503467.0,USD
2020-04-23,45.50849533081055,45.96504592895508,43.97005844116211,44.30033493041992,789773604.0,USD
2020-04-24,44.268768310546875,45.34955596923828,44.268768310546875,44.43119430541992,585031154.0,USD
2020-04-25,44.494972229003906,45.93790817260742,43.835941314697266,45.00050735473633,627500097.0,USD
2020-04-26,44.954078674316406,45.304954528808594,44.350704193115234,44.65116500854492,604565561.0,USD
2020-04-27,44.65251541137695,45.17934799194336,43.01523971557617,44.48918151855469,618591394.0,USD
2020-04-28,44.58485794067383,45.0312385559082,43.518280029296875,45.0255241394043,576169341.0,USD
2020-04-29,44.94353103637695,47.67776107788086,44.593231201171875,46.93559265136719,910678238.0,USD
2020-04-30,47.13138961791992,49.00187301635742,44.82392883300781,44.99931716918945,752195120.0,USD
2020-05-01,44.97681427001953,46.58381271362305,44.97681427001953,45.93015670776367,341008172.0,USD
2020-05-02,45.920536041259766,46.869651794433594,45.3980712890625,46.646148681640625,267085512.0,USD
2020-05-03,46.640159606933594,47.07705307006836,44.878684997558594,44.91646957397461,306312956.0,USD
2020-05-04,44.8745231628418,45.05059051513672,42.81935501098633,44.17958068847656,331786204.0,USD
2020-05-05,44.20480728149414,44.82606506347656,43.69020080566406,43.852088928222656,273111632.0,USD
2020-05-06,43.834896087646484,44.80923080444336,43.10026550292969,43.10026550292969,277675833.0,USD
2020-05-07,43.102455139160156,44.814632415771484,42.35106658935547,44.1409797668457,368669119.0,USD
2020-05-08,44.15754318237305,47.52131271362305,43.63923645019531,47.19966125488281,421168886.0,USD
2020-05-09,47.0624885559082,47.49201202392578,44.96169662475586,45.2602424621582,409166005.0,USD
2020-05-10,45.21199417114258,45.21199417114258,39.217533111572266,40.954952239990234,509756579.0,USD
2020-05-11,40.956024169921875,41.53969192504883,38.4084358215332,39.83094787597656,402369350.0,USD
2020-05-12,39.821319580078125,42.77847671508789,39.63016891479492,42.12152862548828,342646511.0,USD
2020-05-13,42.13934326171875,43.20404815673828,41.6447639465332,42.904449462890625,281992648.0,USD
2020-05-14,42.87910079956055,43.537872314453125,42.17479705810547,43.04605484008789,348026013.0,USD
2020-05-15,43.00106430053711,43.32939910888672,41.5853271484375,41.99266052246094,283493612.0,USD
2020-05-16,41.98381042480469,42.915225982666016,41.7183723449707,42.55412673950195,245551484.0,USD
2020-05-17,42.54359436035156,47.554019927978516,42.49525833129883,46.26411056518555,520812640.0,USD
2020-05-18,46.3211784362793,49.43070983886719,46.25685119628906,48.07674026489258,510151037.0,USD
2020-05-19,48.06843566894531,48.64535140991211,46.58320236206055,48.599483489990234,345269983.0,USD
2020-05-20,48.63370132446289,50.30023193359375,47.43010330200195,48.41455078125,460490700.0,USD
2020-05-21,48.40909957885742,48.6656494140625,44.685977935791016,46.1084098815918,300019121.0,USD
2020-05-22,46.10674285888672,48.337196350097656,45.55885696411133,47.83208465576172,266111374.0,USD
2020-05-23,47.829898834228516,48.40635681152344,46.757591247558594,47.186702728271484,187709248.0,USD
2020-05-24,47.180206298828125,47.67855453491211,45.34895706176758,45.47725296020508,186067916.0,USD
2020-05-25,45.38346862792969,46.02822494506836,45.0150032043457,45.99507141113281,179554803.0,USD
2020-05-26,45.9939079284668,46.1806526184082,44.43449020385742,44.77239227294922,163286993.0,USD
2020-05-27,44.78814697265625,46.30126953125,44.5695686340332,46.05100631713867,178882280.0,USD
2020-05-28,46.06086730957031,47.58499526977539,45.99192810058594,47.58499526977539,184152701.0,USD
2020-05-29,47.59275817871094,47.994468688964844,46.32633972167969,46.713348388671875,182293712.0,USD
2020-05-30,46.7072868347168,55.60512924194336,46.337890625,54.810760498046875,424446521.0,USD
2020-05-31,54.75624465942383,55.16136169433594,51.02690124511719,51.68647384643555,374610923.0,USD
2020-06-01,51.60765075683594,54.762847900390625,51.25851058959961,54.54942321777344,357408958.0,USD
2020-06-02,54.55643081665039,55.12565612792969,51.07120132446289,51.39792251586914,337811462.0,USD
2020-06-03,51.41526794433594,52.78141403198242,50.78007507324219,52.76115798950195,264660416.0,USD
2020-06-04,52.76924133300781,53.302337646484375,51.21260452270508,52.252220153808594,222748085.0,USD
2020-06-05,52.28462600708008,54.35347366333008,52.10622024536133,52.916587829589844,265941129.0,USD
2020-06-06,52.90486526489258,53.51608657836914,52.02033615112305,52.784446716308594,213489920.0,USD
2020-06-07,52.79013442993164,53.15371322631836,50.80147933959961,52.29848098754883,220639239.0,USD
2020-06-08,52.304656982421875,52.55756759643555,51.60513687133789,52.39445877075195,187259369.0,USD
2020-06-09,52.41035461425781,52.990047454833984,51.27558898925781,52.136810302734375,178811673.0,USD
2020-06-10,52.129581451416016,55.30765914916992,51.912567138671875,55.13853454589844,302774707.0,USD
2020-06-11,55.14152526855469,55.40931701660156,49.28321075439453,49.810081481933594,327645672.0,USD
2020-06-12,49.92695236206055,52.36465072631836,48.89008712768555,51.718528747558594,287552466.0,USD
2020-06-13,51.75722122192383,52.943885803222656,51.122718811035156,52.777015686035156,229238141.0,USD
2020-06-14,52.78490447998047,52.82060623168945,50.869873046875,51.3380241394043,200088660.0,USD
2020-06-15,51.3380241394043,52.960533142089844,48.45463180541992,52.32026672363281,322192861.0,USD
2020-06-16,52.292179107666016,53.62281036376953,52.02880096435547,52.909278869628906,262663931.0,USD
2020-06-17,52.921661376953125,53.30963897705078,52.057796478271484,52.89822769165039,222143501.0,USD
2020-06-18,52.89167785644531,53.3114128112793,51.54948806762695,52.180667877197266,213169884.0,USD
2020-06-19,52.165496826171875,52.32627487182617,51.02374267578125,51.169010162353516,212071491.0,USD
2020-06-20,51.169010162353516,51.65224075317383,50.659366607666016,51.33001708984375,194086212.0,USD
2020-06-21,51.30941390991211,52.025386810302734,50.38515090942383,50.55611801147461,183481001.0,USD
2020-06-22,50.56538391113281,53.33124542236328,50.50180435180664,53.33024215698242,258082529.0,USD
2020-06-23,53.33344268798828,60.01863479614258,52.36795425415039,58.343345642089844,511626236.0,USD
2020-06-24,58.382720947265625,59.406211853027344,54.045597076416016,55.20071792602539,428353580.0,USD
2020-06-25,55.19645690917969,56.55405044555664,53.610294342041016,55.92635726928711,291506165.0,USD
2020-06-26,55.94459533691406,56.50868606567383,54.79692459106445,55.65317153930664,277924646.0,USD
2020-06-27,55.65629196166992,55.916526794433594,51.85432434082031,52.68545150756836,247381871.0,USD
2020-06-28,52.68545150756836,53.75581359863281,51.45188522338867,51.9028434753418,276478277.0,USD
2020-06-29,51.92473602294922,53.36779022216797,51.82483673095703,52.494407653808594,277643965.0,USD
2020-06-30,52.455421447753906,52.764888763427734,51.39334487915039,51.58265686035156,224451057.0,USD
2020-07-01,51.58054733276367,52.57598876953125,51.33665084838867,51.87485122680664,227279660.0,USD
2020-07-02,51.88361358642578,53.58179473876953,50.539390563964844,51.802642822265625,230979917.0,USD
2020-07-03,51.80482864379883,52.073631286621094,51.02254867553711,51.204837799072266,180575034.0,USD
2020-07-04,51.1903190612793,51.676944732666016,50.712310791015625,51.38336944580078,164814880.0,USD
2020-07-05,51.38098907470703,51.64185333251953,50.432552337646484,51.19088363647461,160029516.0,USD
2020-07-06,51.19088363647461,55.6633415222168,51.12900161743164,55.51461410522461,268463954.0,USD
2020-07-07,55.46923828125,55.737754821777344,53.623443603515625,54.981788635253906,212068420.0,USD
2020-07-08,55.00916290283203,58.66748809814453,54.64670181274414,57.936668395996094,280091307.0,USD
2020-07-09,57.936668395996094,58.55809020996094,56.07390594482422,57.26290512084961,224388748.0,USD
2020-07-10,57.23251724243164,57.23251724243164,54.344947814941406,55.93535232543945,165596070.0,USD
2020-07-11,55.9332389831543,56.576438903808594,55.12357711791992,55.97028732299805,167850631.0,USD
2020-07-12,56.00058364868164,60.490108489990234,55.83613204956055,58.6008186340332,274094663.0,USD
2020-07-13,58.6008186340332,63.49022674560547,58.6008186340332,61.29413986206055,366515023.0,USD
2020-07-14,61.239688873291016,62.858192443847656,59.42279815673828,61.816741943359375,262540342.0,USD
2020-07-15,61.813629150390625,62.98247146606445,60.949737548828125,61.28144454956055,229162273.0,USD
2020-07-16,61.284828186035156,61.563602447509766,57.64745330810547,58.87175369262695,234367747.0,USD
2020-07-17,58.840293884277344,60.16914749145508,58.039119720458984,59.581417083740234,191240194.0,USD
2020-07-18,59.5334358215332,59.817928314208984,58.103057861328125,58.95621871948242,140696214.0,USD
2020-07-19,58.939762115478516,59.23455047607422,57.196937561035156,58.3317985534668,138823508.0,USD
2020-07-20,58.363712310791016,58.474002838134766,56.98676681518555,57.11188888549805,137174363.0,USD
2020-07-21,57.13604736328125,62.354835510253906,56.9881706237793,62.25666427612305,242781677.0,USD
2020-07-22,62.26933288574219,64.45577239990234,61.1590461730957,64.19637298583984,243535935.0,USD
2020-07-23,64.24512481689453,64.72743225097656,63.13666534423828,63.46065139770508,198335020.0,USD
2020-07-24,63.48152160644531,64.37487030029297,62.115325927734375,63.04827117919922,211546148.0,USD
2020-07-25,63.08217239379883,65.66740417480469,63.065826416015625,65.40921783447266,211286221.0,USD
2020-07-26,65.3668441772461,66.67461395263672,64.06838989257812,65.75965881347656,256116202.0,USD
2020-07-27,65.76904296875,72.22516632080078,65.76904296875,70.55464172363281,384278155.0,USD
2020-07-28,70.70673370361328,72.66386413574219,68.82972717285156,70.97054290771484,263253531.0,USD
2020-07-29,70.91011810302734,74.01116943359375,70.6168441772461,72.43268585205078,243059690.0,USD
2020-07-30,72.42951202392578,72.65067291259766,70.3366470336914,70.89002990722656,230217303.0,USD
2020-07-31,70.91072082519531,74.7258071899414,70.84597778320312,74.6041030883789,287703551.0,USD
2020-08-01,74.6041030883789,94.13077545166016,74.14977264404297,89.74888610839844,739726742.0,USD
2020-08-02,89.5865249633789,90.6982421875,78.33934783935547,83.95672607421875,738836092.0,USD
2020-08-03,83.92362976074219,84.77130126953125,81.83988952636719,82.46766662597656,434416856.0,USD
2020-08-04,82.46620178222656,84.4334716796875,81.15306854248047,84.07605743408203,380704617.0,USD
2020-08-05,84.1227035522461,96.18413543701172,84.1227035522461,96.02992248535156,687533610.0,USD
2020-08-06,95.99311065673828,102.1787109375,91.83662414550781,95.10581970214844,684278890.0,USD
2020-08-07,95.05998992919922,95.88233184814453,87.88741302490234,92.2428970336914,561374781.0,USD
2020-08-08,92.25638580322266,96.34579467773438,90.51660919189453,93.94579315185547,436392570.0,USD
2020-08-09,94.12873077392578,94.34261322021484,89.0617446899414,90.21788787841797,419642720.0,USD
2020-08-10,90.2511978149414,93.2342300415039,87.1500244140625,87.96723937988281,466890855.0,USD
2020-08-11,87.85050201416016,88.57842254638672,80.23909759521484,81.32616424560547,541745005.0,USD
2020-08-12,81.34368896484375,85.07444763183594,77.90428161621094,84.10295104980469,597316810.0,USD
2020-08-13,84.14067077636719,88.29151916503906,79.09830474853516,87.49018096923828,530879433.0,USD
2020-08-14,87.58138275146484,87.83857727050781,83.73809814453125,84.49726867675781,416912020.0,USD
2020-08-15,84.45738220214844,86.98444366455078,83.65132141113281,84.70565032958984,400928757.0,USD
2020-08-16,84.740234375,85.3992691040039,81.97613525390625,84.39485168457031,359705956.0,USD
2020-08-17,84.39485168457031,88.10438537597656,83.13481140136719,85.73943328857422,453427629.0,USD
2020-08-18,85.7747802734375,87.74922180175781,83.17272186279297,83.24922943115234,430000342.0,USD
2020-08-19,83.26168823242188,83.8618392944336,75.34153747558594,77.12207794189453,469428437.0,USD
2020-08-20,77.14209747314453,80.37755584716797,76.9298095703125,79.53495025634766,330574525.0,USD
2020-08-21,79.57112121582031,81.47261047363281,75.65616607666016,75.65616607666016,381779095.0,USD
2020-08-22,75.64043426513672,78.74059295654297,74.49127197265625,78.31861877441406,332344264.0,USD
2020-08-23,78.2392578125,83.80876159667969,76.82478332519531,83.61127471923828,435309106.0,USD
2020-08-24,83.69351196289062,83.90371704101562,79.84512329101562,80.79498291015625,355588103.0,USD
2020-08-25,80.81616973876953,82.35545349121094,73.7503433227539,74.61597442626953,533791568.0,USD
2020-08-26,74.6345443725586,77.6875991821289,73.292236328125,76.54500579833984,401516001.0,USD
2020-08-27,76.50674438476562,76.86165618896484,73.77873992919922,74.33765411376953,373471123.0,USD
2020-08-28,74.37162017822266,77.92566680908203,73.75516510009766,77.61394500732422,372517114.0,USD
2020-08-29,77.63179779052734,81.01029205322266,76.86285400390625,79.88560485839844,324804125.0,USD
2020-08-30,79.83658599853516,82.17192077636719,79.28168487548828,81.48884582519531,356801593.0,USD
2020-08-31,81.46241760253906,81.70753479003906,78.77262878417969,79.50347900390625,308160406.0,USD
2020-09-01,79.47437286376953,85.12574005126953,79.02278137207031,83.31694793701172,440951379.0,USD
2020-09-02,83.31859588623047,84.04812622070312,75.31797790527344,77.02588653564453,424065185.0,USD
2020-09-03,77.05793762207031,77.22268676757812,55.254573822021484,57.07701873779297,449429386.0,USD
2020-09-04,57.18939208984375,61.578369140625,55.99967956542969,60.03763961791992,491190708.0,USD
2020-09-05,60.05366516113281,60.82265090942383,51.948856353759766,55.36286926269531,408532471.0,USD
2020-09-06,55.36286926269531,60.02940368652344,54.85597229003906,58.92131423950195,392477808.0,USD
2020-09-07,58.92272186279297,62.61265182495117,55.7314338684082,61.97934341430664,415429521.0,USD
2020-09-08,61.933013916015625,66.06287384033203,57.578636169433594,59.03995895385742,407859311.0,USD
2020-09-09,58.91073989868164,61.379634857177734,57.930721282958984,60.020774841308594,266749376.0,USD
2020-09-10,60.06882858276367,63.14487075805664,59.855796813964844,62.49307632446289,12056159801.0,USD
2020-09-11,62.49307632446289,64.26795959472656,58.36954116821289,63.43301773071289,11459834499.0,USD
2020-09-12,63.43301773071289,67.15338897705078,62.47898864746094,65.9892578125,12719387643.0,USD
2020-09-13,65.9892578125,66.35377502441406,61.453758239746094,62.60390090942383,11211741954.0,USD
2020-09-14,62.4343147277832,65.36209106445312,60.985877990722656,63.320804595947266,359163569.0,USD
2020-09-15,63.34077453613281,66.67749786376953,59.172691345214844,59.50490951538086,374833277.0,USD
2020-09-16,59.56868362426758,59.611209869384766,57.28309631347656,58.46110534667969,402576266.0,USD
2020-09-17,58.467864990234375,59.91572952270508,57.639095306396484,59.59866714477539,334412290.0,USD
2020-09-18,59.59866714477539,59.94823455810547,57.35758590698242,57.828887939453125,298706004.0,USD
2020-09-19,57.81621551513672,59.23470687866211,57.6024284362793,58.0031623840332,286298617.0,USD
2020-09-20,58.04567337036133,58.158660888671875,55.688751220703125,57.62895584106445,343412181.0,USD
2020-09-21,57.62577819824219,58.458274841308594,52.112125396728516,52.112125396728516,346450504.0,USD
2020-09-22,52.06093978881836,53.93617248535156,51.83116149902344,53.45518493652344,245687513.0,USD
2020-09-23,53.45518493652344,54.527103424072266,51.084964752197266,51.95256423950195,238030297.0,USD
2020-09-24,51.918365478515625,55.11081314086914,51.58952331542969,55.01747512817383,254947232.0,USD
2020-09-25,55.013587951660156,55.80790710449219,53.57712173461914,54.94158935546875,244534989.0,USD
2020-09-26,54.96622085571289,56.792755126953125,54.29571533203125,56.41609191894531,234484177.0,USD
2020-09-27,56.423431396484375,56.85877990722656,54.1407470703125,55.51791763305664,239852956.0,USD
2020-09-28,55.51791763305664,58.19874954223633,55.48773956298828,56.32696533203125,269392266.0,USD
2020-09-29,56.33356475830078,61.51715087890625,56.279441833496094,61.19684982299805,377910920.0,USD
2020-09-30,61.226661682128906,67.3906021118164,59.736785888671875,67.13837432861328,416556289.0,USD
2020-10-01,67.17756652832031,69.7078628540039,63.480674743652344,64.60433959960938,506401859.0,USD
2020-10-02,64.58492279052734,67.88445281982422,59.37408447265625,63.52006912231445,522177819.0,USD
2020-10-03,63.52922821044922,65.80445098876953,60.807369232177734,60.861854553222656,311078451.0,USD
2020-10-04,60.861854553222656,65.70205688476562,59.50727844238281,63.18325424194336,309746961.0,USD
2020-10-05,63.18325424194336,69.27568817138672,62.10422134399414,65.82811737060547,310642870.0,USD
2020-10-06,65.82217407226562,68.89035034179688,60.83281707763672,61.727012634277344,352684901.0,USD
2020-10-07,61.727012634277344,62.184791564941406,60.458824157714844,61.534183502197266,298728036.0,USD
2020-10-08,61.57944869995117,63.10921096801758,59.57124328613281,62.031944274902344,326894031.0,USD
2020-10-10,65.39085388183594,69.02640533447266,65.26496124267578,68.12651824951172,849393541.0,USD
2020-10-11,68.11294555664062,74.0,67.97028350830078,73.3055648803711,949905783.0,USD
2020-10-14,71.17251586914062,72.32122802734375,68.89118194580078,70.14826202392578,740225102.0,USD
2020-10-15,70.15897369384766,70.15897369384766,67.4147720336914,69.5353012084961,768632926.0,USD
2020-10-16,69.66450500488281,71.92672729492188,61.050777435302734,62.3690185546875,658942683.0,USD
2020-10-17,62.374290466308594,65.50115203857422,61.483741760253906,62.93846893310547,504291828.0,USD
2020-10-18,62.96382522583008,66.55396270751953,62.5810546875,66.42272186279297,637632616.0,USD
2020-10-19,66.65663146972656,67.73369598388672,62.27642822265625,66.74227905273438,569280725.0,USD
2020-10-20,66.74286651611328,67.36930847167969,57.60788345336914,57.743797302246094,477623132.0,USD
2020-10-21,57.770145416259766,62.41201400756836,57.60805130004883,61.17502975463867,537432684.0,USD
2020-10-22,61.0916748046875,66.74093627929688,61.02315139770508,65.37360382080078,584655968.0,USD
2020-10-23,65.6975326538086,65.73859405517578,61.40684509277344,63.001102447509766,582145213.0,USD
2020-10-24,63.0011100769043,65.0511245727539,61.71807861328125,63.86809158325195,504982654.0,USD
2020-10-25,63.86809158325195,64.60584259033203,62.02302551269531,62.81462478637695,498069176.0,USD
2020-10-26,62.81461715698242,63.65888214111328,58.96168518066406,60.522281646728516,578970825.0,USD
2020-10-27,60.522247314453125,61.72458267211914,59.998374938964844,61.12137222290039,546965644.0,USD
2020-10-28,61.12137985229492,61.37532424926758,55.74781799316406,57.08551025390625,556272373.0,USD
2020-10-29,57.08556365966797,57.9211311340332,54.911800384521484,56.85791015625,475118850.0,USD
2020-10-30,56.85593032836914,59.44140625,54.771697998046875,58.36953353881836,503162589.0,USD
2020-10-31,58.37055587768555,59.237449645996094,57.481178283691406,58.122684478759766,405833322.0,USD
2020-11-01,58.12144088745117,58.61117172241211,57.23881912231445,58.073482513427734,347325600.0,USD
2020-11-02,58.07456970214844,59.04425811767578,54.992759704589844,55.06163787841797,432609718.0,USD
2020-11-03,55.06162643432617,55.200340270996094,51.94451904296875,53.187049865722656,427109154.0,USD
2020-11-04,53.186344146728516,54.26812744140625,52.19342803955078,53.858795166015625,420851478.0,USD
2020-11-05,53.8587760925293,57.09880447387695,52.822200775146484,56.61869812011719,336293057.0,USD
2020-11-06,56.618289947509766,61.27530288696289,56.34046936035156,61.27530288696289,413428770.0,USD
2020-11-07,61.275299072265625,62.56193542480469,56.27875900268555,57.3194694519043,455232318.0,USD
2020-11-08,57.3194694519043,61.50835418701172,56.9391975402832,60.63776779174805,294066297.0,USD
2020-11-09,60.63766860961914,61.041019439697266,57.478843688964844,58.46133804321289,331245241.0,USD
2020-11-10,58.4661865234375,62.19316482543945,58.082969665527344,58.96000671386719,408345480.0,USD
2020-11-11,58.95978546142578,60.37284469604492,58.7991828918457,58.992061614990234,324206429.0,USD
2020-11-12,58.99089050292969,62.904537200927734,58.361549377441406,62.59607696533203,454457412.0,USD
2020-11-13,62.59516143798828,65.05025482177734,61.75532913208008,64.91378021240234,416356602.0,USD
2020-11-14,64.91378784179688,64.9504623413086,61.96872329711914,63.78718566894531,415130173.0,USD
2020-11-15,63.78718566894531,63.956932067871094,60.16594314575195,61.222782135009766,341888771.0,USD
2020-11-16,61.222782135009766,66.14825439453125,60.725181579589844,64.71591186523438,417855597.0,USD
2020-11-17,65.30461120605469,66.62415313720703,64.3918685913086,66.47040557861328,479814769.0,USD
2020-11-18,66.47019958496094,67.11054229736328,61.67399215698242,63.154701232910156,621036143.0,USD
2020-11-19,63.15412521362305,63.757850646972656,60.69255447387695,62.45602798461914,472206453.0,USD
2020-11-20,62.45672607421875,64.27973175048828,62.34548568725586,63.14374542236328,433303862.0,USD
2020-11-21,63.143741607666016,70.88704681396484,62.87944412231445,70.78903198242188,799804381.0,USD
2020-11-22,70.78903198242188,71.86392974853516,65.89602661132812,68.54117584228516,832158183.0,USD
2020-11-23,68.54122924804688,80.03251647949219,67.62030029296875,79.2728271484375,1005136350.0,USD
2020-11-24,79.27596282958984,90.35369110107422,76.74073028564453,86.20911407470703,1286749623.0,USD
2020-11-25,86.17170715332031,86.69329071044922,76.56588745117188,78.43042755126953,1006489540.0,USD
2020-11-26,78.4081039428711,79.68888854980469,63.83477783203125,69.83679962158203,1084909019.0,USD
2020-11-27,69.85710144042969,71.17344665527344,66.91908264160156,68.63253021240234,491266414.0,USD
2020-11-28,68.65087127685547,74.54844665527344,68.47896575927734,73.8434066772461,526816762.0,USD
2020-11-29,73.85063934326172,75.58775329589844,71.97689056396484,74.58232116699219,475876224.0,USD
2020-11-30,74.57942962646484,78.9587173461914,74.1894302368164,78.12843322753906,630309432.0,USD
2020-12-01,78.14373016357422,80.91433715820312,73.08810424804688,75.09668731689453,820865601.0,USD
2020-12-02,75.10780334472656,76.5022201538086,74.3158187866211,76.40290832519531,456377852.0,USD
2020-12-03,76.40560150146484,76.53899383544922,74.85327911376953,75.91024780273438,382148819.0,USD
2020-12-04,75.91387939453125,76.12754821777344,70.13176727294922,70.40795135498047,431623111.0,USD
2020-12-05,70.4002685546875,72.11479949951172,68.71192169189453,71.75504302978516,322418230.0,USD
2020-12-06,71.75221252441406,74.09072875976562,70.4854736328125,73.8778076171875,344882331.0,USD
2020-12-07,73.87442779541016,75.7236557006836,73.31771850585938,74.78314971923828,366395104.0,USD
2020-12-08,74.79219055175781,74.97234344482422,69.09001159667969,69.45178985595703,283328643.0,USD
2020-12-09,69.44812774658203,71.41850280761719,66.61680603027344,68.86842346191406,391724367.0,USD
2020-12-10,68.8692855834961,69.33000183105469,65.88021087646484,66.25276184082031,247985357.0,USD
2020-12-11,66.25411987304688,66.25411987304688,62.6026496887207,64.70488739013672,229888907.0,USD
2020-12-12,64.68889617919922,66.26908874511719,63.79298400878906,65.7472915649414,167845162.0,USD
2020-12-13,65.75049591064453,67.78103637695312,65.35247802734375,67.13570404052734,225581935.0,USD
2020-12-14,67.13529968261719,67.57312774658203,65.96956634521484,67.15252685546875,186530298.0,USD
2020-12-15,67.14906311035156,68.86965942382812,67.14326477050781,68.0704345703125,181068595.0,USD
2020-12-16,68.052734375,71.31946563720703,67.5642318725586,71.31946563720703,396591772.0,USD
2020-12-17,71.32860565185547,76.95237731933594,70.96549987792969,74.8971176147461,622591521.0,USD
2020-12-18,74.89783477783203,76.04520416259766,71.80294036865234,74.59149932861328,396117517.0,USD
2020-12-19,74.58883666992188,75.92340087890625,74.11988067626953,74.40412139892578,353904011.0,USD
2020-12-20,74.38911437988281,77.04375457763672,72.2124252319336,74.2664566040039,451107254.0,USD
2020-12-21,74.27471923828125,77.31759643554688,67.7870864868164,67.94454956054688,498895252.0,USD
2020-12-22,67.90977478027344,68.39854431152344,64.42333221435547,67.37891387939453,427600340.0,USD
2020-12-23,67.36825561523438,67.95027160644531,49.867252349853516,54.75973129272461,511087883.0,USD
2020-12-24,54.78505325317383,60.90102005004883,54.02125549316406,60.85055923461914,432477980.0,USD
2020-12-25,60.85051727294922,62.422767639160156,59.62067794799805,62.14679718017578,389016366.0,USD
2020-12-26,62.14942932128906,68.490234375,62.13225173950195,66.12581634521484,420068437.0,USD
2020-12-27,66.1382827758789,70.58741760253906,63.968196868896484,67.64694213867188,593266806.0,USD
2020-12-28,67.66263580322266,70.27178955078125,67.40825653076172,69.0155258178711,497951878.0,USD
2020-12-29,69.01197814941406,69.75849914550781,61.646121978759766,66.53746032714844,453717764.0,USD
2020-12-30,66.52490997314453,67.01144409179688,63.30129623413086,64.20226287841797,368658242.0,USD
2020-12-31,64.19914245605469,64.35945892333984,62.61426544189453,63.989376068115234,320021526.0,USD
2021-01-01,63.97918701171875,66.88795471191406,54.944313049316406,56.79283142089844,712504295.0,USD
2021-01-02,56.84847640991211,59.77566909790039,55.526180267333984,57.80491256713867,591481165.0,USD
2021-01-03,57.8128662109375,60.58461380004883,57.11598587036133,59.22290802001953,663264324.0,USD
2021-01-04,59.238067626953125,63.85601043701172,58.16077423095703,59.27556228637695,944505720.0,USD
2021-01-05,59.28226089477539,59.69761657714844,58.1401252746582,59.60005569458008,647309972.0,USD
2021-01-06,59.59794998168945,63.59400939941406,59.281944274902344,62.938350677490234,748707933.0,USD
2021-01-07,62.95460510253906,72.9101791381836,62.751808166503906,68.56806182861328,1091095233.0,USD
2021-01-08,68.55489349365234,69.48014068603516,62.307525634765625,68.9008560180664,1039704899.0,USD
2021-01-09,68.89505004882812,78.84095001220703,67.31331634521484,78.01068878173828,877398459.0,USD
2021-01-10,77.98702239990234,97.1333236694336,76.56867980957031,96.50856018066406,2384497932.0,USD
2021-01-11,96.55018615722656,107.33441162109375,78.40382385253906,88.19876861572266,3440192160.0,USD
2021-01-12,88.06379699707031,103.55403137207031,85.47661590576172,99.30797576904297,2458233541.0,USD
2021-01-13,99.36166381835938,119.43326568603516,92.85725402832031,117.2991943359375,2147754472.0,USD
2021-01-14,117.23307800292969,117.9547348022461,106.50955200195312,109.86427307128906,1601351277.0,USD
2021-01-15,109.93001556396484,112.26089477539062,96.46407318115234,103.13318634033203,1644907007.0,USD
2021-01-16,103.13411712646484,111.9533462524414,102.63905334472656,109.022705078125,1531277874.0,USD
2021-01-17,109.01296997070312,109.01296997070312,99.06962585449219,101.52470397949219,1222667639.0,USD
2021-01-18,101.54666137695312,105.15286254882812,100.80484771728516,104.0972671508789,992810328.0,USD
2021-01-19,104.09986114501953,109.60053253173828,103.10228729248047,103.95472717285156,1422682639.0,USD
2021-01-20,103.91065216064453,104.43865203857422,92.4702377319336,96.29203033447266,1447587105.0,USD
2021-01-21,96.29718780517578,96.3354721069336,84.83463287353516,84.9564208984375,1230180805.0,USD
2021-01-22,84.94209289550781,91.05371856689453,77.05729675292969,87.24115753173828,1077478509.0,USD
2021-01-23,87.21054077148438,89.96664428710938,84.4024887084961,86.13689422607422,684900349.0,USD
2021-01-24,86.14411163330078,91.69026184082031,85.62357330322266,89.73221588134766,881710379.0,USD
2021-01-25,89.72384643554688,95.76715850830078,88.98917388916016,88.98917388916016,1173674738.0,USD
2021-01-26,88.97550964355469,89.30033111572266,85.03447723388672,86.91070556640625,1007200263.0,USD
2021-01-27,86.91036987304688,87.54720306396484,79.08216857910156,79.51773834228516,852054063.0,USD
2021-01-28,79.50444793701172,82.16858673095703,77.721435546875,81.3391342163086,963995132.0,USD
2021-01-29,87.68917846679688,89.84869384765625,82.798583984375,85.86747741699219,1117690216.0,USD
2021-01-30,85.85995483398438,86.07218170166016,83.40229034423828,84.14010620117188,584609566.0,USD
2021-01-31,84.15827178955078,86.19439697265625,83.70909118652344,85.73783874511719,588229353.0,USD
2021-02-01,85.7403335571289,88.99236297607422,84.6747055053711,87.98420715332031,669014662.0,USD
2021-02-02,88.0068588256836,93.1297836303711,88.0068588256836,92.36051940917969,1062402040.0,USD
2021-02-03,92.35978698730469,96.55522918701172,92.35978698730469,95.61308288574219,844106495.0,USD
2021-02-04,95.58667755126953,96.1258544921875,91.27194213867188,91.75053405761719,902069032.0,USD
2021-02-05,91.74806213378906,96.25114440917969,89.97252655029297,96.25114440917969,813175336.0,USD
2021-02-06,96.2420425415039,98.5766372680664,92.99868774414062,95.672119140625,929548918.0,USD
2021-02-07,95.65953063964844,96.52799987792969,89.79348754882812,92.5928955078125,887393084.0,USD
2021-02-08,92.57826232910156,97.43366241455078,91.86483001708984,96.94774627685547,1021775712.0,USD
2021-02-09,96.94036102294922,109.41793060302734,96.45159149169922,108.59785461425781,1246336165.0,USD
2021-02-10,108.59197998046875,120.1117172241211,107.58354187011719,115.15769958496094,1600669746.0,USD
2021-02-11,115.13836669921875,149.19070434570312,114.1168441772461,142.39263916015625,2380537719.0,USD
2021-02-12,142.31927490234375,148.05206298828125,133.67953491210938,143.50059509277344,1734633064.0,USD
2021-02-13,143.44818115234375,187.94337463378906,143.3046417236328,176.22486877441406,3184403034.0,USD
2021-02-14,176.22927856445312,178.9927520751953,154.684814453125,157.32894897460938,2173645278.0,USD
2021-02-15,157.2394561767578,178.12925720214844,130.4385223388672,159.948974609375,2962661784.0,USD
2021-02-16,159.5673370361328,166.0731658935547,150.26220703125,155.33609008789062,2098234776.0,USD
2021-02-17,155.3372802734375,172.1782989501953,148.43630981445312,168.76173400878906,1953287618.0,USD
2021-02-18,168.71054077148438,177.322509765625,158.83914184570312,168.38462829589844,1127206904.0,USD
2021-02-19,168.43179321289062,188.61231994628906,164.95558166503906,180.4175567626953,1405794120.0,USD
2021-02-20,180.2967529296875,183.74594116210938,157.1519012451172,164.22328186035156,1224245823.0,USD
2021-02-21,164.14385986328125,167.73512268066406,160.6516571044922,162.64097595214844,776014392.0,USD
2021-02-22,162.64666748046875,163.0492706298828,123.84321594238281,144.8544158935547,1229867718.0,USD
2021-02-23,144.82359313964844,144.8870086669922,105.87097930908203,124.8004150390625,1410540185.0,USD
2021-02-24,124.89537048339844,134.31292724609375,122.4398193359375,130.4553985595703,939677210.0,USD
2021-02-25,130.41665649414062,138.87783813476562,123.8416519165039,123.8416519165039,753364811.0,USD
2021-02-26,124.00279998779297,124.63262176513672,114.62432861328125,117.80870056152344,762804746.0,USD
2021-02-27,117.8309097290039,123.57295227050781,117.82676696777344,119.69973754882812,513738192.0,USD
2021-02-28,119.70118713378906,119.83760833740234,105.7856216430664,109.71210479736328,552142906.0,USD
2021-03-01,109.74044036865234,124.86549377441406,109.43659210205078,122.09708404541016,582948057.0,USD
2021-03-02,122.13702392578125,125.99664306640625,117.13298797607422,119.50303649902344,510700653.0,USD
2021-03-03,119.51887512207031,126.15788269042969,118.96186828613281,123.27190399169922,483575543.0,USD
2021-03-04,123.23723602294922,128.42352294921875,118.51887512207031,121.2181625366211,475794203.0,USD
2021-03-05,121.20353698730469,122.82281494140625,115.42195892333984,121.06919860839844,468430616.0,USD
2021-03-06,121.03231811523438,124.60320281982422,119.44041442871094,123.9189682006836,343036872.0,USD
2021-03-07,123.92940521240234,128.4670867919922,123.41877746582031,128.4670867919922,285081994.0,USD
2021-03-08,128.47145080566406,131.3349151611328,124.8942642211914,127.95221710205078,339525586.0,USD
2021-03-09,127.94956970214844,136.47816467285156,127.2146987915039,136.23443603515625,419896239.0,USD
2021-03-10,136.21826171875,140.86599731445312,132.56500244140625,139.6160888671875,531571048.0,USD
2021-03-11,139.5664825439453,157.6511688232422,138.5989532470703,152.07383728027344,882969308.0,USD
2021-03-12,152.11705017089844,155.2607879638672,143.8998260498047,146.42091369628906,593222080.0,USD
2021-03-13,146.40292358398438,157.6153106689453,138.4268341064453,155.55728149414062,619018517.0,USD
2021-03-14,155.5332489013672,156.58474731445312,144.9225311279297,144.9225311279297,474526146.0,USD
2021-03-15,144.875732421875,146.96878051757812,134.88331604003906,135.2318572998047,519817552.0,USD
2021-03-16,135.2017364501953,138.43421936035156,131.28807067871094,137.7366485595703,391337769.0,USD
2021-03-17,137.75062561035156,145.6598358154297,135.33409118652344,144.67201232910156,463267376.0,USD
2021-03-18,144.66139221191406,149.8851776123047,140.60400390625,143.5480194091797,388073123.0,USD
2021-03-19,143.53848266601562,153.1726531982422,141.6962432861328,151.0834503173828,320282256.0,USD
2021-03-20,151.0660858154297,160.4076690673828,150.85598754882812,156.00643920898438,431326796.0,USD
2021-03-21,156.1185302734375,156.2401123046875,146.65895080566406,148.54067993164062,327001395.0,USD
2021-03-22,148.5128936767578,149.61851501464844,140.94235229492188,140.94235229492188,336591142.0,USD
2021-03-23,140.93028259277344,143.05252075195312,136.13461303710938,136.94798278808594,404112958.0,USD
2021-03-24,136.91925048828125,141.5561981201172,127.60013580322266,128.46861267089844,355137343.0,USD
2021-03-25,128.42808532714844,128.7127227783203,118.74065399169922,123.75475311279297,467349963.0,USD
2021-03-26,123.73236846923828,132.8071746826172,123.57872009277344,132.8071746826172,309417358.0,USD
2021-03-27,132.79330444335938,134.73919677734375,127.21129608154297,133.7747344970703,340221278.0,USD
2021-03-28,133.77230834960938,144.31201171875,130.97244262695312,144.14402770996094,482818819.0,USD
2021-03-29,144.16896057128906,158.9115753173828,142.44435119628906,149.9503631591797,706953752.0,USD
2021-03-30,149.94281005859375,154.5640411376953,146.48069763183594,154.35508728027344,584603454.0,USD
2021-03-31,154.33053588867188,157.2317352294922,148.50050354003906,156.9161376953125,602069419.0,USD
2021-04-01,156.9245147705078,165.25897216796875,153.5441436767578,164.19692993164062,703320711.0,USD
2021-04-02,164.2087860107422,177.56546020507812,164.0218505859375,169.82884216308594,706367744.0,USD
2021-04-03,169.7620849609375,177.36761474609375,165.10162353515625,173.1709747314453,647695539.0,USD
2021-04-04,173.20660400390625,194.3199005126953,172.42616271972656,188.83917236328125,1190701393.0,USD
2021-04-05,188.84524536132812,199.82827758789062,185.08836364746094,196.6537322998047,809567320.0,USD
2021-04-06,197.20957946777344,199.79539489746094,183.41868591308594,191.09420776367188,689859183.0,USD
2021-04-07,191.1029052734375,193.6477813720703,164.97080993652344,171.33880615234375,881257648.0,USD
2021-04-08,171.50863647460938,183.9156951904297,170.67373657226562,181.4195556640625,510737112.0,USD
2021-04-09,181.41903686523438,198.32688903808594,181.41903686523438,194.91156005859375,717653089.0,USD
2021-04-10,194.99008178710938,209.3103790283203,194.04833984375,205.44461059570312,819893149.0,USD
2021-04-11,206.02505493164062,230.38327026367188,206.02505493164062,223.079833984375,1065044572.0,USD
2021-04-12,222.10165405273438,236.69424438476562,209.7847900390625,220.87203979492188,1108595235.0,USD
2021-04-13,221.00607299804688,231.1740264892578,218.18516540527344,226.0265350341797,872733030.0,USD
2021-04-14,226.1583251953125,241.83595275878906,218.99681091308594,236.61843872070312,1020220098.0,USD
2021-04-15,236.70321655273438,254.5644989013672,235.8487091064453,252.5044708251953,958612836.0,USD
2021-04-16,252.22108459472656,270.8992919921875,237.31182861328125,270.6324157714844,1281863985.0,USD
2021-04-17,269.8116760253906,300.8602600097656,269.0900573730469,283.8691711425781,1486399783.0,USD
2021-04-18,283.6344909667969,288.59814453125,191.6984405517578,258.4862976074219,2278214678.0,USD
2021-04-19,259.5451354980469,263.6175842285156,223.00657653808594,226.5474395751953,1342858187.0,USD
2021-04-20,226.01646423339844,248.47470092773438,210.7797088623047,248.2597198486328,1542040424.0,USD
2021-04-21,249.4701690673828,255.00091552734375,231.9862823486328,240.63388061523438,911158008.0,USD
2021-04-22,240.0257568359375,246.36439514160156,221.6344451904297,224.92897033691406,761864288.0,USD
2021-04-23,224.8168487548828,225.38455200195312,176.0677032470703,220.2161407470703,1420635064.0,USD
2021-04-24,220.2930145263672,220.2930145263672,200.40628051757812,200.7656707763672,737552033.0,USD
2021-04-25,201.27284240722656,213.43020629882812,194.9647674560547,203.02682495117188,564386279.0,USD
2021-04-26,203.2432403564453,225.9573974609375,201.81922912597656,225.2692413330078,679881676.0,USD
2021-04-27,225.1663360595703,239.8264617919922,223.150390625,239.8264617919922,606721686.0,USD
2021-04-28,239.8599395751953,241.1101837158203,226.88633728027344,240.27996826171875,543153446.0,USD
2021-04-29,240.2074737548828,240.35316467285156,225.57302856445312,230.6664276123047,477504515.0,USD
2021-04-30,230.4439697265625,246.49603271484375,225.9713897705078,245.43064880371094,570958549.0,USD
2021-05-01,245.5220184326172,256.88970947265625,243.7928924560547,256.1258239746094,529724332.0,USD
2021-05-02,255.8468780517578,257.290771484375,242.62112426757812,243.67974853515625,465817705.0,USD
2021-05-03,243.9473114013672,253.33741760253906,243.46473693847656,250.26902770996094,510035116.0,USD
2021-05-04,250.35032653808594,263.105224609375,231.4243621826172,241.94732666015625,1132352984.0,USD
2021-05-05,241.0725860595703,297.2993469238281,238.50877380371094,290.0408630371094,1615642560.0,USD
2021-05-06,290.2897644042969,321.9418029785156,272.7922058105469,307.65533447265625,1624676170.0,USD
2021-05-07,308.0009460449219,338.5777282714844,296.9505920410156,318.9179382324219,1609229076.0,USD
2021-05-08,319.55828857421875,342.5384216308594,295.7522888183594,317.9931335449219,1308933272.0,USD
2021-05-09,314.878173828125,317.78179931640625,288.45330810546875,304.5883483886719,945827973.0,USD
2021-05-10,304.36798095703125,326.002197265625,266.7588806152344,283.925537109375,1285154094.0,USD
2021-05-11,283.8600769042969,302.4670715332031,272.4853515625,302.2779846191406,1054404761.0,USD
2021-05-12,301.9524841308594,370.138916015625,276.0523986816406,276.0523986816406,3572145601.0,USD
2021-05-13,281.390625,323.49609375,257.3771057128906,296.2543640136719,2515139467.0,USD
2021-05-14,296.0203857421875,322.2554016113281,286.4419250488281,305.0599670410156,1414456197.0,USD
2021-05-15,305.66436767578125,315.5814208984375,268.52850341796875,270.3471374511719,1119387282.0,USD
2021-05-16,270.54608154296875,290.5718688964844,246.5705108642578,263.0858459472656,1021573340.0,USD
2021-05-17,262.2207946777344,262.2207946777344,226.53009033203125,235.64337158203125,1035984070.0,USD
2021-05-18,235.08428955078125,261.02734375,233.21852111816406,254.95407104492188,950850229.0,USD
2021-05-19,255.21519470214844,262.65289306640625,105.06888580322266,148.65823364257812,1721310574.0,USD
2021-05-20,146.65176391601562,192.7148895263672,134.1645965576172,183.1944122314453,1220751673.0,USD
2021-05-21,182.6879119873047,191.818115234375,136.6499786376953,156.9938507080078,1094120224.0,USD
2021-05-22,157.04275512695312,160.54884338378906,133.96926879882812,142.7196502685547,747949271.0,USD
2021-05-23,142.64427185058594,148.99984741210938,88.36904907226562,115.3270034790039,902190270.0,USD
2021-05-24,114.58763122558594,148.93618774414062,114.58763122558594,148.49652099609375,834745004.0,USD
2021-05-25,149.33428955078125,154.4900360107422,130.69839477539062,145.5025634765625,679138604.0,USD
2021-05-26,145.5142059326172,159.2307891845703,143.3946990966797,158.53897094726562,575735593.0,USD
2021-05-27,158.70509338378906,159.57791137695312,141.07730102539062,149.06686401367188,440051650.0,USD
2021-05-28,149.9054412841797,166.5511932373047,131.49493408203125,164.89239501953125,932606290.0,USD
2021-05-29,164.68409729003906,186.14596557617188,141.8440704345703,149.1710205078125,1163124139.0,USD
2021-05-30,149.16683959960938,159.57757568359375,138.13751220703125,150.0176239013672,594028592.0,USD
2021-05-31,150.06951904296875,162.40504455566406,141.3795623779297,162.24822998046875,566173731.0,USD
2021-06-01,161.95616149902344,164.3927459716797,148.40072631835938,154.18478393554688,469914557.0,USD
2021-06-02,154.05323791503906,169.8462371826172,149.13507080078125,164.57847595214844,490477776.0,USD
2021-06-03,164.46649169921875,174.79307556152344,160.524169921875,172.50650024414062,473047682.0,USD
2021-06-04,172.9189910888672,172.9189910888672,147.5725860595703,155.54476928710938,570303187.0,USD
2021-06-05,155.58944702148438,161.3377685546875,148.27198791503906,154.01507568359375,467309711.0,USD
2021-06-06,153.8731689453125,156.45697021484375,147.2056884765625,149.6746368408203,353638744.0,USD
2021-06-07,149.55563354492188,154.8871307373047,135.04429626464844,135.8498077392578,371310578.0,USD
2021-06-08,135.95401000976562,138.9617156982422,120.41209411621094,131.4724578857422,535875054.0,USD
2021-06-09,131.06016540527344,145.0494384765625,124.68604278564453,144.7958221435547,536794210.0,USD
2021-06-10,145.0667266845703,151.1513214111328,132.60157775878906,134.0266876220703,451644921.0,USD
2021-06-11,134.08663940429688,135.75515747070312,122.76116180419922,124.71796417236328,339651009.0,USD
2021-06-12,124.77093505859375,129.1221466064453,119.25950622558594,125.8919448852539,311596996.0,USD
2021-06-13,125.93602752685547,133.01730346679688,121.09490966796875,133.01730346679688,322549392.0,USD
2021-06-14,132.94847106933594,139.28378295898438,128.83731079101562,133.31639099121094,329230725.0,USD
2021-06-15,138.2722625732422,141.08717346191406,133.91168212890625,138.3604278564453,350043424.0,USD
2021-06-16,136.7019805908203,143.56434631347656,132.53919982910156,136.76602172851562,446759107.0,USD
2021-06-17,136.9214630126953,146.41639709472656,136.8190460205078,142.2675018310547,342936949.0,USD
2021-06-18,142.30953979492188,142.46267700195312,129.49075317382812,132.4610595703125,335005839.0,USD
2021-06-19,132.7281951904297,134.98619079589844,127.42354583740234,128.64981079101562,270352098.0,USD
2021-06-20,128.2910919189453,132.3584747314453,119.8136215209961,132.04881286621094,304991853.0,USD
2021-06-21,131.9056854248047,132.77767944335938,100.97962188720703,101.5177230834961,462910183.0,USD
2021-06-22,101.27780151367188,110.38917541503906,86.47914123535156,106.27161407470703,592081637.0,USD
2021-06-23,106.34351348876953,117.54711151123047,102.97836303710938,111.2509765625,451469421.0,USD
2021-06-24,111.75147247314453,116.58441162109375,107.17147827148438,112.63333892822266,284433372.0,USD
2021-06-25,112.77088165283203,116.30868530273438,99.92343139648438,100.79795837402344,343559442.0,USD
2021-06-26,100.30296325683594,103.39386749267578,96.66671752929688,103.37300109863281,292928944.0,USD
2021-06-27,103.5710678100586,107.14413452148438,98.88360595703125,107.14413452148438,266185415.0,USD
2021-06-28,107.51670837402344,117.63224792480469,104.66976165771484,117.42235565185547,308678894.0,USD
2021-06-29,117.89369201660156,129.2842559814453,116.18663787841797,125.66210174560547,389541934.0,USD
2021-06-30,126.21263885498047,132.8226776123047,122.19224548339844,130.82247924804688,467345939.0,USD
2021-07-01,130.8295440673828,130.8295440673828,118.93193817138672,120.7403793334961,320523740.0,USD
2021-07-02,120.38762664794922,121.58589172363281,112.6357650756836,118.76113891601562,273974034.0,USD
2021-07-03,118.56979370117188,118.90719604492188,113.24095153808594,116.26840209960938,233739589.0,USD
2021-07-04,116.20284271240234,125.4595718383789,113.28239440917969,120.15862274169922,303827435.0,USD
2021-07-05,120.32926177978516,120.32926177978516,110.7039794921875,111.4909896850586,259127886.0,USD
2021-07-06,111.32181549072266,118.42179870605469,111.0699462890625,117.46280670166016,290080828.0,USD
2021-07-07,117.55072021484375,122.1377182006836,115.54500579833984,118.13483428955078,285356272.0,USD
2021-07-08,118.5116958618164,118.6124038696289,107.33444213867188,109.42977142333984,278782121.0,USD
2021-07-09,109.1278305053711,112.87311553955078,105.29927825927734,110.93242645263672,244468462.0,USD
2021-07-10,110.9788589477539,112.92420959472656,106.60401153564453,108.15251159667969,201335108.0,USD
2021-07-11,108.1209487915039,112.53518676757812,106.209228515625,110.69766998291016,190071164.0,USD
2021-07-12,110.79861450195312,112.84988403320312,104.98680877685547,108.09779357910156,220770579.0,USD
2021-07-13,108.00948333740234,108.60570526123047,102.0257797241211,104.00292205810547,200288636.0,USD
2021-07-14,104.11082458496094,105.81999969482422,97.630126953125,104.44970703125,226195859.0,USD
2021-07-15,104.54619598388672,106.06330108642578,97.997314453125,99.78035736083984,218460083.0,USD
2021-07-16,100.0053482055664,102.40208435058594,92.74128723144531,93.33297729492188,227891407.0,USD
2021-07-17,93.12779235839844,95.78874969482422,92.02497100830078,93.1205825805664,190628948.0,USD
2021-07-18,93.18519592285156,99.20463562011719,92.56314849853516,94.1238784790039,200618131.0,USD
2021-07-19,93.98905181884766,97.59810638427734,89.08631134033203,89.08631134033203,312590684.0,USD
2021-07-20,89.24715423583984,91.72599792480469,83.26602172851562,85.77085876464844,253801305.0,USD
2021-07-21,85.7066650390625,95.5169906616211,84.38007354736328,95.05802154541016,259186931.0,USD
2021-07-22,95.17833709716797,97.82391357421875,91.70797729492188,97.43721008300781,211134082.0,USD
2021-07-23,97.49762725830078,98.95968627929688,92.22400665283203,97.71027374267578,213685087.0,USD
2021-07-24,97.68182373046875,102.63195037841797,97.1228256225586,99.38928985595703,219442233.0,USD
2021-07-25,99.29412078857422,100.4580078125,95.90738677978516,100.4580078125,202118641.0,USD
2021-07-26,100.4267807006836,109.62171173095703,100.16381072998047,101.61878204345703,358596248.0,USD
2021-07-27,101.50928497314453,103.59355926513672,98.19482421875,102.87733459472656,236588328.0,USD
2021-07-28,103.00598907470703,105.7094497680664,101.59101104736328,105.54716491699219,233878657.0,USD
2021-07-29,105.78825378417969,108.78809356689453,104.4425048828125,107.74437713623047,194174558.0,USD
2021-07-30,107.85437774658203,109.91436767578125,103.00517272949219,109.90162658691406,225865049.0,USD
2021-07-31,109.93358612060547,112.46207427978516,108.95703887939453,111.65145874023438,202069668.0,USD
2021-08-01,111.20556640625,123.06354522705078,110.5154037475586,115.7019271850586,315932484.0,USD
2021-08-02,115.63481140136719,119.94605255126953,113.44499206542969,115.45378875732422,229066830.0,USD
2021-08-03,115.34996795654297,116.72830963134766,109.45027160644531,113.73912048339844,214393604.0,USD
2021-08-04,114.04667663574219,120.5009994506836,112.72967529296875,118.00201416015625,217427507.0,USD
2021-08-05,118.0689926147461,120.73774719238281,114.2874984741211,119.130859375,232316775.0,USD
2021-08-06,119.1952896118164,128.6029815673828,117.54305267333984,126.78365325927734,259200761.0,USD
2021-08-07,126.87267303466797,134.63377380371094,125.51445007324219,134.0394744873047,334916214.0,USD
2021-08-08,134.2105712890625,136.1796875,121.67770385742188,123.485595703125,288895825.0,USD
2021-08-09,123.51040649414062,132.36605834960938,118.92022705078125,131.0436553955078,299789663.0,USD
2021-08-10,130.77987670898438,134.3590087890625,128.08360290527344,131.86410522460938,256211974.0,USD
2021-08-11,131.9204559326172,142.69337463378906,131.69891357421875,137.52769470214844,313950664.0,USD
2021-08-12,137.44163513183594,142.80279541015625,130.6819305419922,133.390380859375,303541543.0,USD
2021-08-13,133.622802734375,144.93418884277344,132.87139892578125,144.91268920898438,293605542.0,USD
2021-08-14,144.9347686767578,147.55429077148438,138.0483856201172,144.7413330078125,310704668.0,USD
2021-08-15,144.96612548828125,156.37184143066406,140.83676147460938,154.41317749023438,360443268.0,USD
2021-08-16,154.83644104003906,157.81138610839844,149.00540161132812,150.7583770751953,327317884.0,USD
2021-08-17,150.26467895507812,159.8243408203125,140.8594970703125,141.5625457763672,383981189.0,USD
2021-08-18,141.37437438964844,144.85643005371094,136.3685302734375,141.34585571289062,328931235.0,USD
2021-08-19,141.0189971923828,147.66566467285156,137.79891967773438,147.07730102539062,259653209.0,USD
2021-08-20,147.1236114501953,155.66546630859375,146.20179748535156,153.70362854003906,288869088.0,USD
2021-08-21,153.8289337158203,157.82952880859375,148.65194702148438,155.74986267089844,284006863.0,USD
2021-08-22,155.9136505126953,161.58737182617188,153.24288940429688,160.0013885498047,288860318.0,USD
2021-08-23,160.55406188964844,168.4577178955078,159.91847229003906,165.1527099609375,323469405.0,USD
2021-08-24,165.28643798828125,170.88946533203125,152.9534454345703,155.48672485351562,365103549.0,USD
2021-08-25,155.65170288085938,164.1549835205078,150.94407653808594,163.5309600830078,329118517.0,USD
2021-08-26,163.84120178222656,165.0604248046875,143.470458984375,144.13079833984375,373774118.0,USD
2021-08-27,144.1163787841797,152.38059997558594,139.88192749023438,152.14804077148438,280324685.0,USD
2021-08-28,152.33831787109375,152.4300994873047,147.0082550048828,150.48597717285156,179360142.0,USD
2021-08-29,150.5946044921875,154.25535583496094,146.2948455810547,148.40806579589844,187865416.0,USD
2021-08-30,148.586669921875,149.05596923828125,140.73355102539062,140.90235900878906,202781305.0,USD
2021-08-31,141.16342163085938,148.0550994873047,139.18707275390625,143.99676513671875,224948694.0,USD
2021-09-01,143.92503356933594,151.79124450683594,140.76751708984375,151.4566192626953,233106201.0,USD
2021-09-02,151.71739196777344,154.76829528808594,150.4486083984375,150.7604217529297,217848665.0,USD
2021-09-03,150.77420043945312,159.7642059326172,147.59149169921875,156.4354705810547,353359315.0,USD
2021-09-04,156.4283447265625,162.2631072998047,155.34007263183594,160.4178009033203,275925971.0,USD
2021-09-05,160.14710998535156,175.17489624023438,159.3286590576172,172.67823791503906,408181710.0,USD
2021-09-06,172.8472137451172,175.8605194091797,165.2525177001953,170.99038696289062,359212127.0,USD
2021-09-07,171.08322143554688,171.6642608642578,119.76849365234375,135.7981719970703,663534571.0,USD
2021-09-08,135.77267456054688,139.04312133789062,121.05216979980469,135.311767578125,494110377.0,USD
2021-09-09,132.80880737304688,143.19952392578125,132.03407287597656,137.4116973876953,352621690.0,USD
2021-09-10,137.5030517578125,142.49862670898438,125.1801986694336,128.1282958984375,272672241.0,USD
2021-09-11,128.1387176513672,133.9575653076172,126.9650650024414,128.51393127441406,214059228.0,USD
2021-09-12,128.59742736816406,133.706298828125,126.28180694580078,131.3738250732422,188879934.0,USD
2021-09-13,131.37680053710938,132.4081268310547,121.28276824951172,127.48094940185547,296315915.0,USD
2021-09-14,127.8321762084961,133.74449157714844,126.55171203613281,133.56101989746094,227892978.0,USD
2021-09-15,133.6389923095703,140.0423583984375,130.92782592773438,139.9447479248047,219270508.0,USD
2021-09-16,139.8740234375,146.25389099121094,133.9156494140625,137.9544219970703,305790356.0,USD
2021-09-17,137.96701049804688,139.9562530517578,132.61819458007812,134.11343383789062,209461188.0,USD
2021-09-18,134.29556274414062,143.60610961914062,132.72935485839844,138.62548828125,217128960.0,USD
2021-09-19,138.54006958007812,141.1216583251953,132.29080200195312,133.56637573242188,181104307.0,USD
2021-09-20,133.65048217773438,133.82369995117188,115.8564682006836,118.1382064819336,345837019.0,USD
2021-09-21,118.9652099609375,120.79735565185547,108.59564971923828,111.48458862304688,274139977.0,USD
2021-09-22,111.40541076660156,121.7786636352539,110.62628936767578,121.47588348388672,187780348.0,USD
2021-09-23,121.29563903808594,123.52718353271484,118.42333221435547,122.56192779541016,165914466.0,USD
2021-09-24,122.65834045410156,123.33372497558594,105.45564270019531,110.69074249267578,269494087.0,USD
2021-09-25,110.68571472167969,112.86797332763672,107.32723236083984,110.64595794677734,189117992.0,USD
2021-09-26,110.83261108398438,112.9478530883789,102.028076171875,111.17036437988281,246532591.0,USD
2021-09-27,111.36832427978516,113.77386474609375,104.6549072265625,104.6549072265625,202788738.0,USD
2021-09-28,104.57147216796875,107.62373352050781,100.25933837890625,100.72521209716797,182406155.0,USD
2021-09-29,100.81366729736328,108.30111694335938,100.44950103759766,103.63488006591797,195296370.0,USD
2021-09-30,103.72017669677734,107.96881866455078,103.07342529296875,107.0044937133789,183816871.0,USD
2021-10-01,107.0930404663086,115.02115631103516,106.47628784179688,114.81404876708984,246444688.0,USD
2021-10-02,114.90921783447266,117.36527252197266,112.03203582763672,114.44161224365234,165864720.0,USD
2021-10-03,114.33708953857422,119.30180358886719,112.57365417480469,118.734130859375,170239384.0,USD
2021-10-04,118.73058319091797,118.98844909667969,113.17671203613281,116.68740844726562,184585795.0,USD
2021-10-05,116.77378845214844,124.01631164550781,115.51842498779297,123.15699768066406,177205094.0,USD
2021-10-06,123.15557098388672,126.9991226196289,115.02532196044922,125.46672821044922,252998363.0,USD
2021-10-07,125.4515151977539,129.2664794921875,121.83085632324219,125.34003448486328,220156772.0,USD
2021-10-08,125.34188079833984,127.69473266601562,122.91974639892578,123.4819107055664,159348741.0,USD
2021-10-09,123.39896392822266,128.2035675048828,122.19562530517578,127.30664825439453,145607051.0,USD
2021-10-10,127.384521484375,127.69396209716797,119.44890594482422,119.82887268066406,164727480.0,USD
2021-10-11,119.6556167602539,125.49945068359375,116.65767669677734,119.67179107666016,168508233.0,USD
2021-10-12,119.77239990234375,119.77239990234375,111.74824523925781,116.1693115234375,183133472.0,USD
2021-10-13,116.26878356933594,119.49321746826172,113.37818145751953,119.40364837646484,182961475.0,USD
2021-10-14,119.30854797363281,122.55821990966797,119.01117706298828,121.4933853149414,140765317.0,USD
2021-10-15,121.58477020263672,126.85824584960938,119.11137390136719,126.10049438476562,218941234.0,USD
2021-10-16,126.10169982910156,127.93468475341797,123.69721984863281,126.11346435546875,154078417.0,USD
2021-10-17,126.01860809326172,140.3712921142578,124.42342376708984,137.54054260253906,316845506.0,USD
2021-10-18,137.53924560546875,145.3359375,135.2991485595703,140.88661193847656,366660949.0,USD
2021-10-19,140.69317626953125,147.24330139160156,139.9238739013672,144.40313720703125,273990578.0,USD
2021-10-20,144.31158447265625,151.28245544433594,144.0757293701172,149.57069396972656,252511003.0,USD
2021-10-21,149.8601531982422,158.79478454589844,147.5450897216797,155.011474609375,401499654.0,USD
2021-10-22,155.10226440429688,166.16725158691406,155.09596252441406,164.371337890625,379525021.0,USD
2021-10-23,164.37420654296875,174.15606689453125,164.08865356445312,173.64215087890625,411183892.0,USD
2021-10-24,173.73147583007812,190.36708068847656,170.6790313720703,173.74400329589844,679323790.0,USD
2021-10-25,173.06442260742188,176.98080444335938,169.26458740234375,170.11300659179688,369020753.0,USD
2021-10-26,170.10128784179688,171.48776245117188,159.2936553955078,161.34922790527344,299744706.0,USD
2021-10-27,161.16702270507812,162.7539825439453,143.73419189453125,147.05845642089844,380333700.0,USD
2021-10-28,147.142578125,160.4446258544922,144.2189483642578,159.17535400390625,402942763.0,USD
2021-10-29,159.0919952392578,163.57785034179688,156.79257202148438,162.00558471679688,267969214.0,USD
2021-10-30,161.91697692871094,162.3956756591797,150.6813507080078,153.1367950439453,229472697.0,USD
2021-10-31,153.07052612304688,187.52198791503906,152.07228088378906,166.8091278076172,731090019.0,USD
2021-11-01,167.18386840820312,173.10836791992188,161.72006225585938,169.2660675048828,365046837.0,USD
2021-11-02,169.25106811523438,179.9104766845703,167.73065185546875,171.66372680664062,311811415.0,USD
2021-11-03,171.7571563720703,172.18142700195312,160.84901428222656,168.21421813964844,316709011.0,USD
2021-11-04,168.3959197998047,171.68994140625,160.24624633789062,163.5507049560547,254843313.0,USD
2021-11-05,163.63006591796875,168.33602905273438,160.75259399414062,163.16026306152344,216404498.0,USD
2021-11-06,162.9775390625,166.44134521484375,155.68722534179688,159.70123291015625,207483540.0,USD
2021-11-07,159.8168487548828,165.16123962402344,158.55154418945312,164.232666015625,185485639.0,USD
2021-11-08,164.23956298828125,171.6248321533203,163.77725219726562,170.96823120117188,243529300.0,USD
2021-11-09,170.8754119873047,199.39553833007812,169.72581481933594,198.8115997314453,649619930.0,USD
2021-11-10,199.97337341308594,204.19366455078125,172.27386474609375,180.0124053955078,701888520.0,USD
2021-11-11,180.00643920898438,217.9896697998047,177.24697875976562,205.4046173095703,890560431.0,USD
2021-11-12,204.7794647216797,209.7314453125,190.7927703857422,201.4161834716797,462405763.0,USD
2021-11-13,201.64540100097656,212.4375457763672,199.01364135742188,199.58644104003906,402252915.0,USD
2021-11-14,199.29486083984375,202.376708984375,192.28501892089844,201.5500030517578,269662992.0,USD
2021-11-15,201.76925659179688,204.17684936523438,192.5373992919922,195.1506805419922,344577170.0,USD
2021-11-16,195.79986572265625,195.79986572265625,164.24586486816406,165.96531677246094,549842813.0,USD
2021-11-17,165.75022888183594,167.76734924316406,153.27284240722656,159.03567504882812,466262691.0,USD
2021-11-18,159.2960662841797,162.2018585205078,141.9537811279297,147.89462280273438,495575485.0,USD
2021-11-19,147.8878173828125,163.02122497558594,146.55870056152344,158.93821716308594,437068157.0,USD
2021-11-20,158.9230499267578,188.73780822753906,158.75794982910156,179.2556915283203,915930590.0,USD
2021-11-21,179.36517333984375,234.04159545898438,177.28662109375,229.9307098388672,1389910806.0,USD
2021-11-22,228.8287353515625,236.6693572998047,198.00680541992188,205.86599731445312,1059398291.0,USD
2021-11-23,206.13592529296875,220.5185089111328,196.46348571777344,217.43905639648438,805392669.0,USD
2021-11-24,218.62484741210938,273.8404541015625,217.8232421875,247.29086303710938,1077838895.0,USD
2021-11-25,261.0631408691406,303.9451904296875,252.8184356689453,276.619140625,1752979017.0,USD
2021-11-26,294.5120544433594,296.75616455078125,242.74420166015625,245.68301391601562,1317284283.0,USD
2021-11-27,246.55264282226562,272.3293762207031,240.58462524414062,243.86866760253906,916250085.0,USD
2021-11-28,244.02243041992188,244.02243041992188,216.68423461914062,241.40597534179688,810719920.0,USD
2021-11-29,241.64488220214844,254.7457275390625,238.36544799804688,246.53700256347656,655455804.0,USD
2021-11-30,247.27435302734375,247.27435302734375,219.55226135253906,219.55226135253906,722339136.0,USD
